gracias,NO_RECONOCIDO,0.9923290610313416,0
gracias,NO_RECONOCIDO,0.995497465133667,0
gracias,Gracias,0.9952148199081421,0
gracias,Gracias,0.99519944190979,0
gracias,Gracias,0.9955878257751465,0
gracias,Gracias,0.9957696199417114,0
gracias,Gracias,0.9953781366348267,0
gracias,Gracias,0.9953604340553284,0
gracias,Gracias,0.9954439401626587,0
gracias,Gracias,0.9959100484848022,0
gracias,Gracias,0.9962555170059204,0
gracias,Gracias,0.9965283274650574,0
gracias,Gracias,0.9956119060516357,0
gracias,Gracias,0.9947499632835388,0
gracias,Gracias,0.9939568042755127,0
gracias,Gracias,0.9935907125473022,0
gracias,Gracias,0.9941022992134094,0
gracias,Gracias,0.9949758052825928,0
gracias,Gracias,0.9954748749732971,0
gracias,Gracias,0.9950054287910461,0
gracias,Gracias,0.9949480295181274,0
gracias,Gracias,0.995074450969696,0
gracias,Gracias,0.9947746992111206,0
gracias,Gracias,0.9946133494377136,0
gracias,Gracias,0.9857492446899414,0
gracias,Gracias,0.9443743228912354,0
gracias,Gracias,0.848305344581604,0
gracias,Gracias,0.848305344581604,0
gracias,Gracias,0.848305344581604,0
gracias,Gracias,0.848305344581604,0
gracias,Gracias,0.848305344581604,0
gracias,NO_RECONOCIDO,0.9961440563201904,0
gracias,NO_RECONOCIDO,0.997178316116333,0
gracias,Bien,0.9976970553398132,0
gracias,Bien,0.9982048273086548,0
gracias,Bien,0.9985601305961609,0
gracias,Bien,0.9987800717353821,0
gracias,Bien,0.996736466884613,0
gracias,Bien,0.9975357055664062,0
gracias,Bien,0.9980377554893494,0
gracias,Bien,0.9984418749809265,0
gracias,Bien,0.9964285492897034,0
gracias,Bien,0.9972781538963318,0
gracias,Bien,0.9978196620941162,0
gracias,Bien,0.9982728958129883,0
gracias,Bien,0.9986465573310852,0
gracias,Bien,0.9989023208618164,0
gracias,Bien,0.9967233538627625,0
gracias,Bien,0.997372031211853,0
gracias,Bien,0.997893750667572,0
gracias,Bien,0.9982703924179077,0
gracias,Bien,0.998563826084137,0
gracias,Bien,0.9988046884536743,0
gracias,Bien,0.998996913433075,0
gracias,Bien,0.9540466666221619,0
gracias,Bien,0.9688021540641785,0
gracias,Bien,0.9783139824867249,0
gracias,Bien,0.9849762320518494,0
gracias,Bien,0.9896320104598999,0
gracias,NO_RECONOCIDO,0.7504345178604126,0
gracias,NO_RECONOCIDO,0.8017107248306274,0
gracias,Bien,0.855113685131073,0
gracias,Bien,0.9020611643791199,0
gracias,Bien,0.9375960230827332,0
gracias,Bien,0.9601098895072937,0
gracias,Bien,0.9746408462524414,0
gracias,Bien,0.9479091167449951,0
gracias,Bien,0.9635691046714783,0
gracias,Bien,0.9773165583610535,0
gracias,Bien,0.9858403205871582,0
gracias,Bien,0.9899699091911316,0
gracias,Bien,0.9922674298286438,0
gracias,NO_RECONOCIDO,0.7067379355430603,0
gracias,NO_RECONOCIDO,0.9973342418670654,0
gracias,Aplausos,0.9955199956893921,0
gracias,Aplausos,0.9937853813171387,0
gracias,Aplausos,0.9963849782943726,0
gracias,Aplausos,0.9703176021575928,0
gracias,Aplausos,0.8899188041687012,0
gracias,NO_RECONOCIDO,0.5505346059799194,0
gracias,NO_RECONOCIDO,0.5334490537643433,0
gracias,NO_RECONOCIDO,0.9209381341934204,0
gracias,Aplausos,0.9756383895874023,0
gracias,Aplausos,0.9756383895874023,0
gracias,NO_RECONOCIDO,0.9034117460250854,0
gracias,NO_RECONOCIDO,0.997669517993927,0
gracias,Aplausos,0.9974427223205566,0
gracias,Aplausos,0.9974936246871948,0
gracias,Aplausos,0.9974519610404968,0
gracias,Aplausos,0.9877744317054749,0
gracias,Aplausos,0.9956662654876709,0
gracias,Aplausos,0.9950540065765381,0
gracias,Aplausos,0.9944942593574524,0
gracias,Aplausos,0.9877973198890686,0
gracias,NO_RECONOCIDO,0.9968777894973755,0
gracias,Felicidades,0.9954187870025635,0
gracias,Felicidades,0.9943913817405701,0
gracias,Felicidades,0.988716185092926,0
gracias,Felicidades,0.9926500916481018,0
gracias,Felicidades,0.9824421405792236,0
gracias,Felicidades,0.9813565015792847,0
gracias,Felicidades,0.9807941913604736,0
gracias,Felicidades,0.9678328633308411,0
gracias,Felicidades,0.9285934567451477,0
gracias,NO_RECONOCIDO,0.999143123626709,0
gracias,Gracias,0.9991886019706726,1
gracias,Gracias,0.9970003962516785,1
gracias,Gracias,0.9554392099380493,1
gracias,NO_RECONOCIDO,0.9384406208992004,0
gracias,Numero_1,0.9733483195304871,0
gracias,Numero_1,0.9229273796081543,0
gracias,Numero_1,0.9115548133850098,0
gracias,Numero_1,0.8875482082366943,0
gracias,Numero_1,0.8501237630844116,0
gracias,NO_RECONOCIDO,0.9524775743484497,0
gracias,Numero_2,0.9652277231216431,0
gracias,Numero_2,0.9720498919487,0
gracias,NO_RECONOCIDO,0.9620419144630432,0
gracias,Numero_3,0.9825699925422668,0
gracias,Numero_3,0.9906484484672546,0
gracias,NO_RECONOCIDO,0.973515510559082,0
gracias,Numero_4,0.9879597425460815,0
gracias,Numero_4,0.9950919151306152,0
gracias,NO_RECONOCIDO,0.7401615381240845,0
gracias,NO_RECONOCIDO,0.8397578001022339,0
gracias,Numero_5,0.9837808609008789,0
gracias,Numero_5,0.9846382737159729,0
gracias,Numero_5,0.983741283416748,0
gracias,Numero_5,0.9826746582984924,0
gracias,Numero_5,0.8733647465705872,0
gracias,NO_RECONOCIDO,0.33592382073402405,0
gracias,NO_RECONOCIDO,0.7461206316947937,0
gracias,NO_RECONOCIDO,0.9257329702377319,0
gracias,Numero_6,0.9987621307373047,0
gracias,Numero_6,0.9987741112709045,0
gracias,Numero_6,0.9987794756889343,0
gracias,Numero_6,0.9987620115280151,0
gracias,Numero_6,0.9987228512763977,0
gracias,Numero_6,0.9815899729728699,0
gracias,Numero_6,0.9756995439529419,0
gracias,Numero_6,0.9638135433197021,0
gracias,Numero_6,0.9340689778327942,0
gracias,Numero_6,0.8627543449401855,0
gracias,NO_RECONOCIDO,0.9768237471580505,0
gracias,Numero_8,0.9869806170463562,0
gracias,Numero_8,0.9907576441764832,0
gracias,Numero_8,0.9924955368041992,0
gracias,Numero_8,0.9934136271476746,0
gracias,Numero_8,0.9912109375,0
gracias,Numero_8,0.990439772605896,0
gracias,Numero_8,0.989734411239624,0
gracias,Numero_8,0.9136661887168884,0
gracias,Numero_8,0.9036756753921509,0
gracias,Numero_8,0.8914227485656738,0
gracias,Numero_8,0.8840932250022888,0
gracias,NO_RECONOCIDO,0.7489195466041565,0
gracias,NO_RECONOCIDO,0.7322515249252319,0
gracias,NO_RECONOCIDO,0.7098907828330994,0
gracias,NO_RECONOCIDO,0.6775311827659607,0
gracias,NO_RECONOCIDO,0.7025893926620483,0
gracias,NO_RECONOCIDO,0.9453725218772888,0
gracias,Numero_8,0.9452269077301025,0
gracias,NO_RECONOCIDO,0.7945213317871094,0
gracias,NO_RECONOCIDO,0.8082551956176758,0
gracias,NO_RECONOCIDO,0.47663965821266174,0
gracias,NO_RECONOCIDO,0.5529739260673523,0
gracias,NO_RECONOCIDO,0.6361191868782043,0
gracias,NO_RECONOCIDO,0.6835352778434753,0
gracias,NO_RECONOCIDO,0.6777210831642151,0
gracias,NO_RECONOCIDO,0.6847535371780396,0
gracias,NO_RECONOCIDO,0.5551624894142151,0
gracias,NO_RECONOCIDO,0.5952105522155762,0
gracias,NO_RECONOCIDO,0.776497483253479,0
gracias,NO_RECONOCIDO,0.9921112060546875,0
gracias,Numero_5,0.9918869137763977,0
gracias,Numero_5,0.9925937056541443,0
gracias,Numero_5,0.9931087493896484,0
gracias,Numero_5,0.993324339389801,0
gracias,Numero_5,0.9926935434341431,0
gracias,Numero_5,0.9933897256851196,0
gracias,Numero_5,0.9336897730827332,0
gracias,Numero_5,0.9532071352005005,0
gracias,Numero_5,0.9804461598396301,0
gracias,NO_RECONOCIDO,0.59048992395401,0
gracias,NO_RECONOCIDO,0.6556006073951721,0
gracias,NO_RECONOCIDO,0.7897334694862366,0
gracias,NO_RECONOCIDO,0.7961334586143494,0
gracias,NO_RECONOCIDO,0.7039384841918945,0
gracias,NO_RECONOCIDO,0.7225089073181152,0
gracias,NO_RECONOCIDO,0.7419489026069641,0
gracias,NO_RECONOCIDO,0.7553754448890686,0
gracias,NO_RECONOCIDO,0.6935378313064575,0
gracias,NO_RECONOCIDO,0.7151813507080078,0
gracias,NO_RECONOCIDO,0.7371733784675598,0
gracias,NO_RECONOCIDO,0.7550210952758789,0
gracias,NO_RECONOCIDO,0.903714120388031,0
gracias,Numero_9,0.9114735126495361,0
gracias,Numero_9,0.9151254296302795,0
gracias,Numero_9,0.8786032795906067,0
gracias,Numero_9,0.8784162402153015,0
gracias,Numero_9,0.8819894790649414,0
gracias,Numero_9,0.8895570039749146,0
gracias,Numero_9,0.9010360836982727,0
gracias,NO_RECONOCIDO,0.8874043226242065,0
gracias,Numero_10,0.9159480929374695,0
gracias,Numero_10,0.9323992729187012,0
gracias,Numero_10,0.9401863813400269,0
gracias,Numero_10,0.9922647476196289,0
gracias,Numero_10,0.9921672940254211,0
gracias,Numero_10,0.9920529127120972,0
gracias,Numero_10,0.9916841983795166,0
gracias,Numero_10,0.9909809231758118,0
gracias,Numero_10,0.9859200716018677,0
gracias,Numero_10,0.9850324392318726,0
gracias,Numero_10,0.9840937256813049,0
gracias,Numero_10,0.9834607243537903,0
gracias,Numero_10,0.9848272800445557,0
gracias,Numero_10,0.9836950302124023,0
gracias,Numero_10,0.9831339120864868,0
gracias,Numero_10,0.9785794615745544,0
gracias,Numero_10,0.9687548279762268,0
gracias,NO_RECONOCIDO,0.5644078254699707,0
gracias,NO_RECONOCIDO,0.6017276048660278,0
gracias,NO_RECONOCIDO,0.6035462617874146,0
gracias,NO_RECONOCIDO,0.6225143671035767,0
gracias,NO_RECONOCIDO,0.48374250531196594,0
gracias,NO_RECONOCIDO,0.5184416770935059,0
gracias,NO_RECONOCIDO,0.5423550009727478,0
gracias,NO_RECONOCIDO,0.4776161313056946,0
gracias,NO_RECONOCIDO,0.5083335041999817,0
gracias,NO_RECONOCIDO,0.5346606969833374,0
gracias,NO_RECONOCIDO,0.5370916128158569,0
gracias,NO_RECONOCIDO,0.6844169497489929,0
gracias,NO_RECONOCIDO,0.6298841834068298,0
gracias,NO_RECONOCIDO,0.587120532989502,0
gracias,NO_RECONOCIDO,0.6129977107048035,0
gracias,NO_RECONOCIDO,0.6405457854270935,0
gracias,NO_RECONOCIDO,0.6023428440093994,0
gracias,NO_RECONOCIDO,0.5653249025344849,0
gracias,NO_RECONOCIDO,0.5176821351051331,0
gracias,NO_RECONOCIDO,0.5009946227073669,0
gracias,NO_RECONOCIDO,0.47599124908447266,0
gracias,NO_RECONOCIDO,0.48996463418006897,0
gracias,NO_RECONOCIDO,0.6912629008293152,0
gracias,NO_RECONOCIDO,0.6445377469062805,0
gracias,NO_RECONOCIDO,0.6024316549301147,0
gracias,NO_RECONOCIDO,0.5583855509757996,0
gracias,NO_RECONOCIDO,0.4832732677459717,0
gracias,NO_RECONOCIDO,0.6025776267051697,0
gracias,NO_RECONOCIDO,0.6058205366134644,0
gracias,NO_RECONOCIDO,0.5988203883171082,0
gracias,NO_RECONOCIDO,0.612205445766449,0
gracias,NO_RECONOCIDO,0.6271147727966309,0
gracias,NO_RECONOCIDO,0.5767669677734375,0
gracias,NO_RECONOCIDO,0.5768827795982361,0
gracias,NO_RECONOCIDO,0.5916479825973511,0
gracias,NO_RECONOCIDO,0.6631461977958679,0
gracias,NO_RECONOCIDO,0.6519915461540222,0
gracias,NO_RECONOCIDO,0.6691153645515442,0
gracias,NO_RECONOCIDO,0.9201140403747559,0
gracias,Numero_9,0.9162565469741821,0
gracias,Numero_9,0.9116711616516113,0
gracias,Numero_9,0.9110191464424133,0
gracias,Numero_9,0.8962768316268921,0
gracias,Numero_9,0.8951993584632874,0
gracias,Numero_9,0.8907974362373352,0
gracias,Numero_9,0.8951413035392761,0
gracias,Numero_9,0.8655703067779541,0
gracias,Numero_9,0.8734327554702759,0
gracias,Numero_9,0.8790619969367981,0
gracias,Numero_9,0.8833984136581421,0
gracias,Numero_9,0.8725079298019409,0
gracias,Numero_9,0.8755679130554199,0
gracias,Numero_9,0.8769704103469849,0
gracias,Numero_9,0.8521154522895813,0
gracias,Numero_9,0.8570996522903442,0
gracias,Numero_9,0.8624283075332642,0
gracias,Numero_9,0.874002993106842,0
gracias,Numero_9,0.8813904523849487,0
gracias,Numero_9,0.8842535018920898,0
gracias,Numero_9,0.8854563236236572,0
gracias,Numero_9,0.8667862415313721,0
gracias,Numero_9,0.8722555637359619,0
gracias,Numero_9,0.8744460940361023,0
gracias,Numero_9,0.8749465942382812,0
gracias,Numero_9,0.8795583248138428,0
gracias,Numero_9,0.8776460886001587,0
gracias,Numero_9,0.8870490193367004,0
gracias,Numero_9,0.8922117352485657,0
gracias,Numero_9,0.8961076736450195,0
gracias,Numero_9,0.897813081741333,0
gracias,Numero_9,0.9056822061538696,0
gracias,Numero_9,0.9066791534423828,0
gracias,Numero_9,0.9082610011100769,0
gracias,Numero_9,0.9089184403419495,0
gracias,Numero_9,0.9106617569923401,0
gracias,Numero_9,0.9170978665351868,0
gracias,Numero_9,0.9157506823539734,0
gracias,Numero_9,0.9134280681610107,0
gracias,Numero_9,0.9099397659301758,0
gracias,NO_RECONOCIDO,0.7683210968971252,0
gracias,NO_RECONOCIDO,0.7918585538864136,0
gracias,NO_RECONOCIDO,0.7996092438697815,0
gracias,NO_RECONOCIDO,0.7449689507484436,0
gracias,NO_RECONOCIDO,0.7723208069801331,0
gracias,NO_RECONOCIDO,0.7918630242347717,0
gracias,NO_RECONOCIDO,0.7873339056968689,0
gracias,NO_RECONOCIDO,0.8069626688957214,0
gracias,Numero_9,0.8213971853256226,0
gracias,Numero_9,0.8351616859436035,0
gracias,NO_RECONOCIDO,0.7215726375579834,0
gracias,NO_RECONOCIDO,0.6365692019462585,0
gracias,NO_RECONOCIDO,0.4410356283187866,0
gracias,NO_RECONOCIDO,0.7737102508544922,0
gracias,NO_RECONOCIDO,0.8172528147697449,0
gracias,NO_RECONOCIDO,0.9950364232063293,0
gracias,Numero_10,0.9952288866043091,0
gracias,Numero_10,0.9972506165504456,0
gracias,Numero_10,0.997718870639801,0
gracias,Numero_10,0.9980043768882751,0
gracias,Numero_10,0.9983782768249512,0
gracias,Numero_10,0.99871826171875,0
gracias,Numero_10,0.9988516569137573,0
gracias,Numero_10,0.9988279938697815,0
gracias,Numero_10,0.998791515827179,0
gracias,Numero_10,0.997099757194519,0
gracias,Numero_10,0.9971868395805359,0
gracias,Numero_10,0.9934225678443909,0
gracias,Numero_10,0.9934225678443909,0
gracias,Numero_10,0.9934225678443909,0
gracias,Numero_10,0.9934225678443909,0
gracias,Numero_10,0.9934225678443909,0
gracias,Numero_10,0.9934225678443909,0
gracias,Numero_10,0.9934225678443909,0
gracias,Numero_10,0.9934225678443909,0
gracias,Numero_10,0.9934225678443909,0
gracias,Numero_10,0.9934225678443909,0
gracias,Numero_10,0.9934225678443909,0
gracias,Numero_10,0.9934225678443909,0
gracias,Numero_10,0.9934225678443909,0
gracias,Numero_10,0.9955447912216187,0
gracias,Numero_10,0.9859511256217957,0
gracias,Numero_10,0.9835141897201538,0
gracias,Numero_10,0.9790517091751099,0
gracias,Numero_10,0.9627548456192017,0
gracias,Numero_10,0.9011431336402893,0
gracias,NO_RECONOCIDO,0.6435562372207642,0
gracias,NO_RECONOCIDO,0.7715400457382202,0
gracias,NO_RECONOCIDO,0.9311589598655701,0
gracias,Aplausos,0.9718987941741943,0
gracias,Aplausos,0.9861230850219727,0
gracias,Aplausos,0.9913090467453003,0
gracias,Aplausos,0.9943386912345886,0
gracias,Aplausos,0.995075523853302,0
gracias,Aplausos,0.9955562949180603,0
gracias,Aplausos,0.9958464503288269,0
gracias,Aplausos,0.9960720539093018,0
gracias,Aplausos,0.9961979985237122,0
gracias,Aplausos,0.9962896108627319,0
gracias,Aplausos,0.9964585900306702,0
gracias,Aplausos,0.9966462254524231,0
gracias,Aplausos,0.9968768358230591,0
gracias,Aplausos,0.997133731842041,0
gracias,NO_RECONOCIDO,0.9761608242988586,0
gracias,Felicidades,0.9773219227790833,0
gracias,Felicidades,0.9747787714004517,0
gracias,Felicidades,0.9735603928565979,0
gracias,Felicidades,0.9807009696960449,0
gracias,Felicidades,0.9886041879653931,0
gracias,Felicidades,0.9936434030532837,0
gracias,Felicidades,0.9945083260536194,0
gracias,Felicidades,0.993948221206665,0
gracias,Felicidades,0.9933615922927856,0
gracias,Felicidades,0.9929689764976501,0
gracias,Felicidades,0.9935071468353271,0
gracias,Felicidades,0.9930175542831421,0
gracias,Felicidades,0.8975025415420532,0
gracias,Felicidades,0.873867392539978,0
gracias,Felicidades,0.8562804460525513,0
gracias,Felicidades,0.826245129108429,0
gracias,NO_RECONOCIDO,0.7814988493919373,0
gracias,NO_RECONOCIDO,0.7511075735092163,0
gracias,NO_RECONOCIDO,0.8203010559082031,0
gracias,Felicidades,0.9117618203163147,0
gracias,Felicidades,0.9636335968971252,0
gracias,Felicidades,0.9846764206886292,0
gracias,Felicidades,0.9900743365287781,0
gracias,Felicidades,0.9903770089149475,0
gracias,NO_RECONOCIDO,0.6714170575141907,0
gracias,NO_RECONOCIDO,0.806920051574707,0
gracias,NO_RECONOCIDO,0.767727255821228,0
gracias,NO_RECONOCIDO,0.764869213104248,0
gracias,NO_RECONOCIDO,0.7942887544631958,0
gracias,NO_RECONOCIDO,0.7954729199409485,0
gracias,NO_RECONOCIDO,0.8203241229057312,0
gracias,NO_RECONOCIDO,0.7996048331260681,0
gracias,NO_RECONOCIDO,0.7055758237838745,0
gracias,NO_RECONOCIDO,0.4081565737724304,0
gracias,NO_RECONOCIDO,0.516838550567627,0
gracias,NO_RECONOCIDO,0.6874902844429016,0
gracias,NO_RECONOCIDO,0.6874902844429016,0
gracias,NO_RECONOCIDO,0.6874902844429016,0
gracias,NO_RECONOCIDO,0.6874902844429016,0
gracias,NO_RECONOCIDO,0.6874902844429016,0
gracias,NO_RECONOCIDO,0.6874902844429016,0
gracias,NO_RECONOCIDO,0.6874902844429016,0
gracias,NO_RECONOCIDO,0.6874902844429016,0
gracias,NO_RECONOCIDO,0.6874902844429016,0
gracias,NO_RECONOCIDO,0.453707754611969,0
gracias,NO_RECONOCIDO,0.6953594088554382,0
gracias,NO_RECONOCIDO,0.4980875849723816,0
gracias,NO_RECONOCIDO,0.773140013217926,0
gracias,NO_RECONOCIDO,0.953171968460083,0
gracias,Aplausos,0.9881224036216736,0
gracias,NO_RECONOCIDO,0.490562379360199,0
gracias,NO_RECONOCIDO,0.7793696522712708,0
gracias,NO_RECONOCIDO,0.9459958672523499,0
gracias,Numero_10,0.9599959850311279,0
gracias,Numero_10,0.9032620191574097,0
gracias,NO_RECONOCIDO,0.9972696900367737,0
gracias,Aplausos,0.9969781637191772,0
gracias,Aplausos,0.9968739748001099,0
gracias,Aplausos,0.997381865978241,0
gracias,Aplausos,0.9973980188369751,0
gracias,Aplausos,0.9975898265838623,0
gracias,Aplausos,0.9966394901275635,0
gracias,Aplausos,0.9972562193870544,0
gracias,Aplausos,0.9971272349357605,0
gracias,Aplausos,0.9961424469947815,0
gracias,NO_RECONOCIDO,0.957219660282135,0
gracias,Felicidades,0.9678230285644531,0
gracias,Felicidades,0.9567224979400635,0
gracias,Felicidades,0.9606636166572571,0
gracias,Felicidades,0.9759945869445801,0
gracias,Felicidades,0.9822527170181274,0
gracias,Felicidades,0.936705470085144,0
gracias,Felicidades,0.9637671709060669,0
gracias,Felicidades,0.978341817855835,0
gracias,Felicidades,0.9840420484542847,0
gracias,Felicidades,0.9830153584480286,0
gracias,NO_RECONOCIDO,0.9996293783187866,0
gracias,Bien,0.9996415376663208,0
gracias,Bien,0.9996399879455566,0
gracias,Bien,0.9996435642242432,0
gracias,Bien,0.9996477365493774,0
gracias,Bien,0.999648928642273,0
gracias,NO_RECONOCIDO,0.9966832995414734,0
gracias,Gracias,0.9971356391906738,1
gracias,Gracias,0.9975892305374146,1
gracias,Gracias,0.9978103041648865,1
gracias,Gracias,0.997925877571106,1
gracias,Gracias,0.9980833530426025,1
gracias,Gracias,0.9989290833473206,1
gracias,Gracias,0.9989959597587585,1
gracias,Gracias,0.9991439580917358,1
gracias,Gracias,0.9993096590042114,1
gracias,Gracias,0.9993669390678406,1
gracias,NO_RECONOCIDO,0.9894110560417175,0
gracias,Numero_1,0.9924492835998535,0
gracias,Numero_1,0.9935044050216675,0
gracias,Numero_1,0.9940056800842285,0
gracias,NO_RECONOCIDO,0.7895298004150391,0
gracias,NO_RECONOCIDO,0.8032293319702148,0
gracias,Numero_2,0.957718014717102,0
gracias,Numero_2,0.9616599678993225,0
gracias,Numero_2,0.9306296110153198,0
gracias,Numero_2,0.8539656400680542,0
gracias,NO_RECONOCIDO,0.7935578227043152,0
gracias,NO_RECONOCIDO,0.6306748390197754,0
gracias,NO_RECONOCIDO,0.7611737847328186,0
gracias,NO_RECONOCIDO,0.7698631882667542,0
gracias,NO_RECONOCIDO,0.9482371211051941,0
gracias,Numero_3,0.976294219493866,0
gracias,Numero_3,0.9848706126213074,0
gracias,NO_RECONOCIDO,0.6365581750869751,0
gracias,NO_RECONOCIDO,0.5629251599311829,0
gracias,NO_RECONOCIDO,0.5629251599311829,0
gracias,NO_RECONOCIDO,0.4409015476703644,0
gracias,NO_RECONOCIDO,0.9730428457260132,0
gracias,Numero_2,0.9749568700790405,0
gracias,Numero_2,0.9910396933555603,0
gracias,Numero_2,0.9915032386779785,0
gracias,Numero_2,0.9920881390571594,0
gracias,Numero_2,0.9925264120101929,0
gracias,NO_RECONOCIDO,0.8745443224906921,0
gracias,Numero_3,0.8046951293945312,0
gracias,NO_RECONOCIDO,0.7084745764732361,0
gracias,NO_RECONOCIDO,0.6173008680343628,0
gracias,NO_RECONOCIDO,0.8991185426712036,0
gracias,Numero_2,0.8971946239471436,0
gracias,Numero_2,0.8550578355789185,0
gracias,NO_RECONOCIDO,0.9983606934547424,0
gracias,Numero_3,0.9983236193656921,0
gracias,Numero_3,0.9982863068580627,0
gracias,Numero_3,0.9982737302780151,0
gracias,Numero_3,0.9982737302780151,0
gracias,NO_RECONOCIDO,0.994869589805603,0
gracias,Numero_4,0.9974644184112549,0
gracias,Numero_4,0.9982995390892029,0
gracias,Numero_4,0.9986415505409241,0
gracias,Numero_4,0.9987438321113586,0
gracias,NO_RECONOCIDO,0.8684508204460144,0
gracias,Numero_5,0.8880095481872559,0
gracias,NO_RECONOCIDO,0.9944121241569519,0
gracias,Numero_6,0.995488703250885,0
gracias,Numero_6,0.9959704875946045,0
gracias,Numero_6,0.9962100982666016,0
gracias,NO_RECONOCIDO,0.6143807172775269,0
gracias,NO_RECONOCIDO,0.7943835258483887,0
gracias,NO_RECONOCIDO,0.9083360433578491,0
gracias,Numero_7,0.9615806937217712,0
gracias,Numero_7,0.9832830429077148,0
gracias,NO_RECONOCIDO,0.9938105940818787,0
gracias,Numero_8,0.9958842396736145,0
gracias,Numero_8,0.9969394207000732,0
gracias,Numero_8,0.9975947737693787,0
gracias,Numero_8,0.9669438004493713,0
gracias,Numero_8,0.9591428637504578,0
gracias,Numero_8,0.9528878331184387,0
gracias,Numero_8,0.9486567974090576,0
gracias,Numero_8,0.8669476509094238,0
gracias,NO_RECONOCIDO,0.6838701963424683,0
gracias,NO_RECONOCIDO,0.5479385852813721,0
gracias,NO_RECONOCIDO,0.7166075110435486,0
gracias,NO_RECONOCIDO,0.9987213015556335,0
gracias,Numero_10,0.9986807703971863,0
gracias,Numero_10,0.9986575841903687,0
gracias,Numero_10,0.9986308217048645,0
gracias,Numero_10,0.8759750127792358,0
gracias,NO_RECONOCIDO,0.7622665166854858,0
gracias,NO_RECONOCIDO,0.5756437182426453,0
gracias,NO_RECONOCIDO,0.4033825397491455,0
gracias,NO_RECONOCIDO,0.5260937809944153,0
gracias,NO_RECONOCIDO,0.6033294200897217,0
gracias,NO_RECONOCIDO,0.9766842126846313,0
gracias,Numero_5,0.9782434701919556,0
gracias,Numero_5,0.9795474410057068,0
gracias,NO_RECONOCIDO,0.9818583726882935,0
gracias,Numero_10,0.9906185269355774,0
gracias,Numero_10,0.9938384890556335,0
gracias,Numero_10,0.9887929558753967,0
gracias,Numero_10,0.9887929558753967,0
gracias,NO_RECONOCIDO,0.5736200213432312,0
gracias,NO_RECONOCIDO,0.6355388760566711,0
gracias,NO_RECONOCIDO,0.9567719101905823,0
gracias,Bien,0.9142443537712097,0
gracias,NO_RECONOCIDO,0.7770212292671204,0
gracias,NO_RECONOCIDO,0.7770212292671204,0
gracias,NO_RECONOCIDO,0.9853251576423645,0
gracias,Numero_2,0.9865972399711609,0
gracias,Numero_2,0.8785929083824158,0
gracias,Numero_2,0.874558687210083,0
gracias,NO_RECONOCIDO,0.2903856039047241,0
gracias,NO_RECONOCIDO,0.3470800220966339,0
gracias,NO_RECONOCIDO,0.3021334707736969,0
gracias,NO_RECONOCIDO,0.46711671352386475,0
gracias,NO_RECONOCIDO,0.666944146156311,0
gracias,NO_RECONOCIDO,0.6755090355873108,0
gracias,NO_RECONOCIDO,0.6889715790748596,0
gracias,NO_RECONOCIDO,0.6448746919631958,0
gracias,NO_RECONOCIDO,0.9669303297996521,0
gracias,Bien,0.9377132058143616,0
gracias,Bien,0.9862956404685974,0
gracias,Bien,0.9875109195709229,0
gracias,NO_RECONOCIDO,0.6301502585411072,0
gracias,NO_RECONOCIDO,0.5818020701408386,0
gracias,NO_RECONOCIDO,0.34218698740005493,0
gracias,NO_RECONOCIDO,0.34371545910835266,0
gracias,NO_RECONOCIDO,0.49121010303497314,0
gracias,NO_RECONOCIDO,0.48009830713272095,0
gracias,NO_RECONOCIDO,0.3102257251739502,0
gracias,NO_RECONOCIDO,0.29315972328186035,0
gracias,NO_RECONOCIDO,0.4330233037471771,0
gracias,NO_RECONOCIDO,0.4237130284309387,0
gracias,NO_RECONOCIDO,0.7734394073486328,0
gracias,NO_RECONOCIDO,0.7946152687072754,0
gracias,NO_RECONOCIDO,0.6434683799743652,0
gracias,NO_RECONOCIDO,0.35681211948394775,0
gracias,NO_RECONOCIDO,0.425951212644577,0
gracias,NO_RECONOCIDO,0.35067254304885864,0
gracias,NO_RECONOCIDO,0.8462386727333069,0
gracias,Bien,0.8962789177894592,0
gracias,NO_RECONOCIDO,0.3482018709182739,0
gracias,NO_RECONOCIDO,0.44396543502807617,0
gracias,NO_RECONOCIDO,0.5973109602928162,0
gracias,NO_RECONOCIDO,0.6779883503913879,0
gracias,NO_RECONOCIDO,0.9945766925811768,0
gracias,Numero_4,0.9950076341629028,0
gracias,Numero_4,0.9965417981147766,0
gracias,Numero_4,0.9968506693840027,0
gracias,NO_RECONOCIDO,0.49223339557647705,0
gracias,NO_RECONOCIDO,0.5930445790290833,0
gracias,NO_RECONOCIDO,0.8588160872459412,0
gracias,Numero_3,0.8201770186424255,0
gracias,NO_RECONOCIDO,0.9688555598258972,0
gracias,Numero_10,0.9618726968765259,0
gracias,NO_RECONOCIDO,0.7659111618995667,0
gracias,NO_RECONOCIDO,0.8005035519599915,0
gracias,NO_RECONOCIDO,0.7323797345161438,0
gracias,NO_RECONOCIDO,0.6464507579803467,0
gracias,NO_RECONOCIDO,0.3525857925415039,0
gracias,NO_RECONOCIDO,0.3525857925415039,0
gracias,NO_RECONOCIDO,0.9064635634422302,0
gracias,NO_RECONOCIDO,0.9970706701278687,0
gracias,Aplausos,0.9968594312667847,0
gracias,Aplausos,0.9956515431404114,0
gracias,Aplausos,0.9949561953544617,0
gracias,Aplausos,0.9953821301460266,0
gracias,Aplausos,0.9940405488014221,0
gracias,Aplausos,0.9952875375747681,0
gracias,Aplausos,0.995629072189331,0
gracias,NO_RECONOCIDO,0.9121446013450623,0
gracias,Felicidades,0.9312841296195984,0
gracias,Felicidades,0.9304372072219849,0
gracias,Felicidades,0.930692195892334,0
gracias,NO_RECONOCIDO,0.9980937838554382,0
gracias,Numero_1,0.9983628392219543,0
gracias,Numero_1,0.9792637228965759,0
gracias,Numero_1,0.976870059967041,0
gracias,NO_RECONOCIDO,0.9567541480064392,0
gracias,Numero_2,0.9627609252929688,0
gracias,NO_RECONOCIDO,0.8762291669845581,0
gracias,Numero_3,0.939241886138916,0
gracias,Numero_3,0.9515513181686401,0
gracias,Numero_3,0.9351201057434082,0
gracias,Numero_3,0.8109561800956726,0
gracias,NO_RECONOCIDO,0.5606697201728821,0
gracias,NO_RECONOCIDO,0.768482506275177,0
gracias,NO_RECONOCIDO,0.7735022306442261,0
gracias,NO_RECONOCIDO,0.7763129472732544,0
gracias,NO_RECONOCIDO,0.8388622999191284,0
gracias,Numero_5,0.8391755819320679,0
gracias,NO_RECONOCIDO,0.9258305430412292,0
gracias,Numero_6,0.9493647813796997,0
gracias,Numero_6,0.9634568691253662,0
gracias,Numero_6,0.9077715277671814,0
gracias,Numero_6,0.8686715960502625,0
gracias,NO_RECONOCIDO,0.7477431893348694,0
gracias,NO_RECONOCIDO,0.9129621982574463,0
gracias,Numero_8,0.9970729351043701,0
gracias,Numero_8,0.9975026249885559,0
gracias,Numero_8,0.9978324770927429,0
gracias,NO_RECONOCIDO,0.7317636609077454,0
gracias,NO_RECONOCIDO,0.6666476726531982,0
gracias,NO_RECONOCIDO,0.6545372009277344,0
gracias,NO_RECONOCIDO,0.6643648147583008,0
gracias,NO_RECONOCIDO,0.66893070936203,0
gracias,NO_RECONOCIDO,0.6755315065383911,0
gracias,NO_RECONOCIDO,0.6853629350662231,0
gracias,NO_RECONOCIDO,0.6969208121299744,0
gracias,NO_RECONOCIDO,0.7078493237495422,0
gracias,NO_RECONOCIDO,0.7191951274871826,0
gracias,NO_RECONOCIDO,0.7689236402511597,0
gracias,NO_RECONOCIDO,0.7712502479553223,0
gracias,NO_RECONOCIDO,0.7734273672103882,0
gracias,NO_RECONOCIDO,0.7747687101364136,0
gracias,NO_RECONOCIDO,0.7773012518882751,0
gracias,NO_RECONOCIDO,0.781182050704956,0
gracias,NO_RECONOCIDO,0.7770956754684448,0
gracias,NO_RECONOCIDO,0.777436375617981,0
gracias,NO_RECONOCIDO,0.7769398093223572,0
gracias,NO_RECONOCIDO,0.7756401300430298,0
gracias,NO_RECONOCIDO,0.7739523649215698,0
gracias,NO_RECONOCIDO,0.7656468152999878,0
gracias,NO_RECONOCIDO,0.7512039542198181,0
gracias,NO_RECONOCIDO,0.7663732767105103,0
gracias,NO_RECONOCIDO,0.7825269103050232,0
gracias,NO_RECONOCIDO,0.785617470741272,0
gracias,NO_RECONOCIDO,0.5155495405197144,0
gracias,NO_RECONOCIDO,0.4871494472026825,0
gracias,NO_RECONOCIDO,0.4608193635940552,0
gracias,NO_RECONOCIDO,0.45441704988479614,0
gracias,NO_RECONOCIDO,0.4713791608810425,0
gracias,NO_RECONOCIDO,0.5029335618019104,0
gracias,NO_RECONOCIDO,0.5506640076637268,0
gracias,NO_RECONOCIDO,0.5073954463005066,0
gracias,NO_RECONOCIDO,0.49514061212539673,0
gracias,NO_RECONOCIDO,0.4700582027435303,0
gracias,NO_RECONOCIDO,0.4787728488445282,0
gracias,NO_RECONOCIDO,0.5306311249732971,0
gracias,NO_RECONOCIDO,0.5741830468177795,0
gracias,NO_RECONOCIDO,0.502424418926239,0
gracias,NO_RECONOCIDO,0.5049312114715576,0
gracias,NO_RECONOCIDO,0.5124587416648865,0
gracias,NO_RECONOCIDO,0.5286420583724976,0
gracias,NO_RECONOCIDO,0.5524564385414124,0
gracias,NO_RECONOCIDO,0.5784153342247009,0
gracias,NO_RECONOCIDO,0.6047343611717224,0
gracias,NO_RECONOCIDO,0.6251044273376465,0
gracias,NO_RECONOCIDO,0.6170713901519775,0
gracias,NO_RECONOCIDO,0.6006858348846436,0
gracias,NO_RECONOCIDO,0.5949223637580872,0
gracias,NO_RECONOCIDO,0.5076863169670105,0
gracias,NO_RECONOCIDO,0.4448291063308716,0
gracias,NO_RECONOCIDO,0.6030691266059875,0
gracias,NO_RECONOCIDO,0.5874303579330444,0
gracias,NO_RECONOCIDO,0.5620406270027161,0
gracias,NO_RECONOCIDO,0.9197205901145935,0
gracias,Numero_3,0.9223868250846863,0
gracias,Numero_3,0.9219841957092285,0
gracias,Numero_3,0.918261706829071,0
gracias,Numero_3,0.8847367167472839,0
gracias,Numero_3,0.8795246481895447,0
gracias,Numero_3,0.8733964562416077,0
gracias,Numero_3,0.8688268065452576,0
gracias,Numero_3,0.8758664131164551,0
gracias,NO_RECONOCIDO,0.5529327988624573,0
gracias,NO_RECONOCIDO,0.5342825651168823,0
gracias,NO_RECONOCIDO,0.527680516242981,0
gracias,NO_RECONOCIDO,0.5544834136962891,0
gracias,NO_RECONOCIDO,0.6499417424201965,0
gracias,NO_RECONOCIDO,0.669894814491272,0
gracias,NO_RECONOCIDO,0.6880528926849365,0
gracias,NO_RECONOCIDO,0.6781187057495117,0
gracias,NO_RECONOCIDO,0.5236501097679138,0
gracias,NO_RECONOCIDO,0.4987393319606781,0
gracias,NO_RECONOCIDO,0.5125634074211121,0
gracias,NO_RECONOCIDO,0.5516431331634521,0
gracias,NO_RECONOCIDO,0.5706261992454529,0
gracias,NO_RECONOCIDO,0.5785990953445435,0
gracias,NO_RECONOCIDO,0.5383105278015137,0
gracias,NO_RECONOCIDO,0.5421794652938843,0
gracias,NO_RECONOCIDO,0.5090891718864441,0
gracias,NO_RECONOCIDO,0.4889443516731262,0
gracias,NO_RECONOCIDO,0.495290607213974,0
gracias,NO_RECONOCIDO,0.5215086340904236,0
gracias,NO_RECONOCIDO,0.49994516372680664,0
gracias,NO_RECONOCIDO,0.4832082986831665,0
gracias,NO_RECONOCIDO,0.4843353033065796,0
gracias,NO_RECONOCIDO,0.5059983730316162,0
gracias,NO_RECONOCIDO,0.4748923182487488,0
gracias,NO_RECONOCIDO,0.4870028793811798,0
gracias,NO_RECONOCIDO,0.4818730056285858,0
gracias,NO_RECONOCIDO,0.47863519191741943,0
gracias,NO_RECONOCIDO,0.6119413375854492,0
gracias,NO_RECONOCIDO,0.6003363728523254,0
gracias,NO_RECONOCIDO,0.5901373624801636,0
gracias,NO_RECONOCIDO,0.5178840160369873,0
gracias,NO_RECONOCIDO,0.5360375642776489,0
gracias,NO_RECONOCIDO,0.5366008281707764,0
gracias,NO_RECONOCIDO,0.6503361463546753,0
gracias,NO_RECONOCIDO,0.636594295501709,0
gracias,NO_RECONOCIDO,0.6265152096748352,0
gracias,NO_RECONOCIDO,0.656549334526062,0
gracias,NO_RECONOCIDO,0.6902822256088257,0
gracias,NO_RECONOCIDO,0.524458646774292,0
gracias,NO_RECONOCIDO,0.9970153570175171,0
gracias,Aplausos,0.9971311092376709,0
gracias,Aplausos,0.9972996115684509,0
gracias,Aplausos,0.9973570704460144,0
gracias,Aplausos,0.9972841739654541,0
gracias,Aplausos,0.996370792388916,0
gracias,Aplausos,0.9961147308349609,0
gracias,Aplausos,0.9963293671607971,0
gracias,Aplausos,0.9968565702438354,0
gracias,Aplausos,0.9970468878746033,0
gracias,Aplausos,0.9960010647773743,0
gracias,Aplausos,0.9963423609733582,0
gracias,Aplausos,0.9964033365249634,0
gracias,Aplausos,0.9962330460548401,0
gracias,Aplausos,0.9961363673210144,0
gracias,Aplausos,0.9961385130882263,0
gracias,NO_RECONOCIDO,0.9988762736320496,0
gracias,Gracias,0.9989228844642639,1
gracias,Gracias,0.9541730880737305,1
gracias,NO_RECONOCIDO,0.788826048374176,0
gracias,NO_RECONOCIDO,0.47046729922294617,0
gracias,NO_RECONOCIDO,0.7244797945022583,0
gracias,NO_RECONOCIDO,0.8877570629119873,0
gracias,Bien,0.9562143087387085,0
gracias,Bien,0.9994258880615234,0
gracias,Bien,0.9995026588439941,0
gracias,Bien,0.999581515789032,0
gracias,Bien,0.9996600151062012,0
gracias,Bien,0.9997103810310364,0
gracias,Bien,0.9997331500053406,0
gracias,Bien,0.9997331500053406,0
gracias,NO_RECONOCIDO,0.9941174983978271,0
gracias,NO_RECONOCIDO,0.9960466027259827,0
gracias,Aplausos,0.9964331388473511,0
gracias,Aplausos,0.9967161417007446,0
gracias,Aplausos,0.9968173503875732,0
gracias,Aplausos,0.996084451675415,0
gracias,Aplausos,0.9963921904563904,0
gracias,Aplausos,0.996351957321167,0
gracias,Aplausos,0.9960426092147827,0
gracias,Aplausos,0.9955536723136902,0
gracias,Aplausos,0.9946139454841614,0
gracias,NO_RECONOCIDO,0.7015036344528198,0
gracias,NO_RECONOCIDO,0.6397573947906494,0
gracias,NO_RECONOCIDO,0.5925561785697937,0
gracias,NO_RECONOCIDO,0.5631488561630249,0
gracias,NO_RECONOCIDO,0.5368333458900452,0
gracias,NO_RECONOCIDO,0.5172772407531738,0
gracias,NO_RECONOCIDO,0.5898508429527283,0
gracias,NO_RECONOCIDO,0.7608491778373718,0
gracias,NO_RECONOCIDO,0.8651673197746277,0
gracias,Felicidades,0.9253336787223816,0
gracias,Felicidades,0.9543261528015137,0
gracias,NO_RECONOCIDO,0.8259698152542114,0
gracias,Numero_10,0.812394380569458,0
gracias,NO_RECONOCIDO,0.6676771640777588,0
gracias,NO_RECONOCIDO,0.6578899621963501,0
gracias,NO_RECONOCIDO,0.7815628051757812,0
gracias,NO_RECONOCIDO,0.46598950028419495,0
gracias,NO_RECONOCIDO,0.6658397316932678,0
gracias,NO_RECONOCIDO,0.7976335287094116,0
gracias,NO_RECONOCIDO,0.8682671189308167,0
gracias,NO_RECONOCIDO,0.8653056025505066,0
gracias,Numero_2,0.9011921882629395,0
gracias,Numero_2,0.9214312434196472,0
gracias,Numero_2,0.9288736581802368,0
gracias,Numero_2,0.9354568123817444,0
gracias,Numero_2,0.9392129778862,0
gracias,Numero_2,0.9584643840789795,0
gracias,Numero_2,0.9510923624038696,0
gracias,Numero_2,0.931073784828186,0
gracias,Numero_2,0.8861642479896545,0
gracias,NO_RECONOCIDO,0.9991305470466614,0
gracias,Numero_8,0.9991518259048462,0
gracias,Numero_8,0.9991625547409058,0
gracias,Numero_8,0.9992294311523438,0
gracias,Numero_8,0.9992423057556152,0
gracias,Numero_8,0.9992519021034241,0
gracias,Numero_8,0.9915134310722351,0
gracias,Numero_8,0.9867462515830994,0
gracias,Numero_8,0.9796334505081177,0
gracias,Numero_8,0.9674991965293884,0
gracias,NO_RECONOCIDO,0.5479156374931335,0
gracias,NO_RECONOCIDO,0.5535004734992981,0
gracias,NO_RECONOCIDO,0.5583550333976746,0
gracias,NO_RECONOCIDO,0.5641835927963257,0
gracias,NO_RECONOCIDO,0.9249325394630432,0
gracias,Numero_5,0.9288280010223389,0
gracias,Numero_5,0.9256856441497803,0
gracias,Numero_5,0.919468104839325,0
gracias,NO_RECONOCIDO,0.7123250961303711,0
gracias,NO_RECONOCIDO,0.7080827355384827,0
gracias,NO_RECONOCIDO,0.6835927963256836,0
gracias,NO_RECONOCIDO,0.6224003434181213,0
gracias,NO_RECONOCIDO,0.9854438900947571,0
gracias,Numero_5,0.9872943758964539,0
gracias,Numero_5,0.9884769916534424,0
gracias,Numero_5,0.9892493486404419,0
gracias,Numero_5,0.9731994867324829,0
gracias,Numero_5,0.9665701389312744,0
gracias,Numero_5,0.9589104652404785,0
gracias,NO_RECONOCIDO,0.41506314277648926,0
gracias,NO_RECONOCIDO,0.40710315108299255,0
gracias,NO_RECONOCIDO,0.397390216588974,0
gracias,NO_RECONOCIDO,0.405102401971817,0
gracias,NO_RECONOCIDO,0.4221539795398712,0
gracias,NO_RECONOCIDO,0.4703293442726135,0
gracias,NO_RECONOCIDO,0.4579157829284668,0
gracias,NO_RECONOCIDO,0.4305906593799591,0
gracias,NO_RECONOCIDO,0.45996156334877014,0
gracias,NO_RECONOCIDO,0.5148835778236389,0
gracias,NO_RECONOCIDO,0.3327018916606903,0
gracias,NO_RECONOCIDO,0.3894961476325989,0
gracias,NO_RECONOCIDO,0.9973669648170471,0
gracias,Numero_10,0.9973579049110413,0
gracias,Numero_10,0.9973394274711609,0
gracias,Numero_10,0.9973074197769165,0
gracias,NO_RECONOCIDO,0.8341655135154724,0
gracias,NO_RECONOCIDO,0.7672708034515381,0
gracias,NO_RECONOCIDO,0.5726441144943237,0
gracias,NO_RECONOCIDO,0.6159945130348206,0
gracias,NO_RECONOCIDO,0.7833735346794128,0
gracias,NO_RECONOCIDO,0.9294396042823792,0
gracias,Aplausos,0.9842332005500793,0
gracias,Aplausos,0.9886484742164612,0
gracias,Aplausos,0.9880884289741516,0
gracias,Aplausos,0.9892789721488953,0
gracias,Aplausos,0.9907596111297607,0
gracias,Aplausos,0.9915512800216675,0
gracias,Aplausos,0.9902734160423279,0
gracias,Aplausos,0.9874370098114014,0
gracias,Aplausos,0.8334961533546448,0
gracias,NO_RECONOCIDO,0.7917625904083252,0
gracias,NO_RECONOCIDO,0.7285284399986267,0
gracias,NO_RECONOCIDO,0.6286736130714417,0
gracias,NO_RECONOCIDO,0.5108574032783508,0
gracias,NO_RECONOCIDO,0.6763991117477417,0
gracias,NO_RECONOCIDO,0.8363475799560547,0
gracias,Felicidades,0.9021571278572083,0
gracias,Felicidades,0.9222226142883301,0
gracias,Felicidades,0.9186299443244934,0
gracias,NO_RECONOCIDO,0.6011843085289001,0
gracias,NO_RECONOCIDO,0.6100555062294006,0
gracias,NO_RECONOCIDO,0.47589269280433655,0
gracias,NO_RECONOCIDO,0.47794491052627563,0
gracias,NO_RECONOCIDO,0.6346267461776733,0
gracias,NO_RECONOCIDO,0.7519696354866028,0
gracias,NO_RECONOCIDO,0.9981620907783508,0
gracias,Numero_1,0.9981607794761658,0
gracias,Numero_1,0.9981675148010254,0
gracias,Numero_1,0.9981953501701355,0
gracias,Numero_1,0.9477490186691284,0
gracias,Numero_1,0.9396649599075317,0
gracias,Numero_1,0.9274446368217468,0
gracias,Numero_1,0.9096449017524719,0
gracias,NO_RECONOCIDO,0.9973424077033997,0
gracias,Numero_3,0.9979705214500427,0
gracias,NO_RECONOCIDO,0.9975416660308838,0
gracias,NO_RECONOCIDO,0.9713837504386902,0
gracias,Aplausos,0.9912750720977783,0
gracias,Aplausos,0.9957564473152161,0
gracias,Aplausos,0.9967785477638245,0
gracias,Aplausos,0.9970499277114868,0
gracias,Aplausos,0.9963209629058838,0
gracias,Aplausos,0.9959855675697327,0
gracias,Aplausos,0.9958727955818176,0
gracias,Aplausos,0.995618999004364,0
gracias,Aplausos,0.9951980710029602,0
gracias,Aplausos,0.9949222207069397,0
gracias,Aplausos,0.9834310412406921,0
gracias,Aplausos,0.9819396138191223,0
gracias,Aplausos,0.9772152304649353,0
gracias,Aplausos,0.9670133590698242,0
gracias,Aplausos,0.9453849792480469,0
gracias,Aplausos,0.9277936220169067,0
gracias,Aplausos,0.9427212476730347,0
gracias,Aplausos,0.9481772184371948,0
gracias,Aplausos,0.9372483491897583,0
gracias,Aplausos,0.8787091374397278,0
gracias,NO_RECONOCIDO,0.6502337455749512,0
gracias,NO_RECONOCIDO,0.6922283172607422,0
gracias,NO_RECONOCIDO,0.7420119047164917,0
gracias,NO_RECONOCIDO,0.7944720387458801,0
gracias,NO_RECONOCIDO,0.8443535566329956,0
gracias,Felicidades,0.8862262964248657,0
gracias,NO_RECONOCIDO,0.9839083552360535,0
gracias,Aplausos,0.9823420643806458,0
gracias,Aplausos,0.9772590398788452,0
gracias,Aplausos,0.9673665165901184,0
gracias,Aplausos,0.9457595348358154,0
gracias,NO_RECONOCIDO,0.9980136156082153,0
gracias,Bien,0.9982022047042847,0
gracias,Bien,0.998408854007721,0
gracias,Bien,0.9986446499824524,0
gracias,Bien,0.9988092184066772,0
gracias,Bien,0.9988993406295776,0
gracias,NO_RECONOCIDO,0.9945895671844482,0
gracias,Gracias,0.9955247640609741,1
gracias,Gracias,0.9961000680923462,1
gracias,Gracias,0.9965768456459045,1
gracias,Gracias,0.9969018697738647,1
gracias,NO_RECONOCIDO,0.6535083651542664,0
gracias,NO_RECONOCIDO,0.9946459531784058,0
gracias,Numero_10,0.9936396479606628,0
gracias,Numero_10,0.9904344081878662,0
gracias,NO_RECONOCIDO,0.9554761052131653,0
gracias,Aplausos,0.9672445058822632,0
gracias,Aplausos,0.9751347303390503,0
gracias,Aplausos,0.9849498271942139,0
gracias,Aplausos,0.9891051650047302,0
gracias,Aplausos,0.9899744391441345,0
gracias,Aplausos,0.8634084463119507,0
gracias,Aplausos,0.8901562094688416,0
gracias,Aplausos,0.8992261290550232,0
gracias,Aplausos,0.9051364064216614,0
gracias,Aplausos,0.911477267742157,0
gracias,Aplausos,0.9149821996688843,0
gracias,NO_RECONOCIDO,0.9497649669647217,0
gracias,Felicidades,0.9470258355140686,0
gracias,Felicidades,0.945151150226593,0
gracias,Felicidades,0.9520419239997864,0
gracias,Felicidades,0.9564980864524841,0
gracias,NO_RECONOCIDO,0.4561351239681244,0
gracias,NO_RECONOCIDO,0.47795069217681885,0
gracias,NO_RECONOCIDO,0.7980855107307434,0
gracias,NO_RECONOCIDO,0.8239912986755371,0
gracias,NO_RECONOCIDO,0.7661875486373901,0
gracias,NO_RECONOCIDO,0.8031972646713257,0
gracias,Numero_2,0.8332346081733704,0
gracias,NO_RECONOCIDO,0.7778554558753967,0
gracias,NO_RECONOCIDO,0.8147578239440918,0
gracias,Numero_2,0.8451383113861084,0
gracias,Numero_2,0.8697249293327332,0
gracias,Numero_2,0.8917765021324158,0
gracias,Numero_2,0.9073963761329651,0
gracias,NO_RECONOCIDO,0.4574272930622101,0
gracias,NO_RECONOCIDO,0.4293144941329956,0
gracias,NO_RECONOCIDO,0.48707136511802673,0
gracias,NO_RECONOCIDO,0.5246800780296326,0
gracias,NO_RECONOCIDO,0.5592613220214844,0
gracias,NO_RECONOCIDO,0.4891712963581085,0
gracias,NO_RECONOCIDO,0.528278112411499,0
gracias,NO_RECONOCIDO,0.5602191090583801,0
gracias,NO_RECONOCIDO,0.5075548887252808,0
gracias,NO_RECONOCIDO,0.5455935001373291,0
gracias,NO_RECONOCIDO,0.5740823745727539,0
gracias,NO_RECONOCIDO,0.51395183801651,0
gracias,NO_RECONOCIDO,0.5488604307174683,0
gracias,NO_RECONOCIDO,0.572697639465332,0
gracias,NO_RECONOCIDO,0.5599294900894165,0
gracias,NO_RECONOCIDO,0.5773264169692993,0
gracias,NO_RECONOCIDO,0.4792180359363556,0
gracias,NO_RECONOCIDO,0.49390947818756104,0
gracias,NO_RECONOCIDO,0.5249696373939514,0
gracias,NO_RECONOCIDO,0.5001645088195801,0
gracias,NO_RECONOCIDO,0.5239797830581665,0
gracias,NO_RECONOCIDO,0.539172887802124,0
gracias,NO_RECONOCIDO,0.6414108872413635,0
gracias,NO_RECONOCIDO,0.6484542489051819,0
gracias,NO_RECONOCIDO,0.7211347222328186,0
gracias,NO_RECONOCIDO,0.7440108060836792,0
gracias,NO_RECONOCIDO,0.7686018347740173,0
gracias,NO_RECONOCIDO,0.7619931697845459,0
gracias,NO_RECONOCIDO,0.7809276580810547,0
gracias,NO_RECONOCIDO,0.7831465005874634,0
gracias,NO_RECONOCIDO,0.7941211462020874,0
gracias,NO_RECONOCIDO,0.7569081783294678,0
gracias,NO_RECONOCIDO,0.7722543478012085,0
gracias,NO_RECONOCIDO,0.7791794538497925,0
gracias,NO_RECONOCIDO,0.781803548336029,0
gracias,NO_RECONOCIDO,0.40048542618751526,0
gracias,NO_RECONOCIDO,0.9589841365814209,0
gracias,Numero_10,0.9695171117782593,0
gracias,Numero_10,0.9712310433387756,0
gracias,Numero_10,0.9983344674110413,0
gracias,Numero_10,0.9984873533248901,0
gracias,Numero_10,0.9986683130264282,0
gracias,Numero_10,0.9986683130264282,0
gracias,Numero_10,0.9986683130264282,0
gracias,Numero_10,0.9986683130264282,0
gracias,Numero_10,0.9963288903236389,0
gracias,Numero_10,0.9956199526786804,0
gracias,Numero_10,0.9110066890716553,0
gracias,Numero_10,0.8977157473564148,0
gracias,Numero_10,0.8938368558883667,0
gracias,NO_RECONOCIDO,0.5966028571128845,0
gracias,NO_RECONOCIDO,0.5207204222679138,0
gracias,NO_RECONOCIDO,0.4486970603466034,0
gracias,NO_RECONOCIDO,0.38857296109199524,0
gracias,NO_RECONOCIDO,0.3351340591907501,0
gracias,NO_RECONOCIDO,0.7912442684173584,0
gracias,NO_RECONOCIDO,0.7912442684173584,0
gracias,NO_RECONOCIDO,0.9809085130691528,0
gracias,Numero_5,0.9878631830215454,0
gracias,NO_RECONOCIDO,0.6719562411308289,0
gracias,NO_RECONOCIDO,0.7712854146957397,0
gracias,NO_RECONOCIDO,0.28609946370124817,0
gracias,NO_RECONOCIDO,0.2725621163845062,0
gracias,NO_RECONOCIDO,0.5386314392089844,0
gracias,NO_RECONOCIDO,0.4895413815975189,0
gracias,NO_RECONOCIDO,0.5319759845733643,0
gracias,NO_RECONOCIDO,0.48310571908950806,0
gracias,NO_RECONOCIDO,0.5364038348197937,0
gracias,NO_RECONOCIDO,0.478452205657959,0
gracias,NO_RECONOCIDO,0.9947459697723389,0
gracias,Numero_10,0.9948086738586426,0
gracias,NO_RECONOCIDO,0.5737444758415222,0
gracias,NO_RECONOCIDO,0.5046331882476807,0
gracias,NO_RECONOCIDO,0.9906973838806152,0
gracias,Numero_5,0.9909997582435608,0
gracias,Numero_5,0.9912405610084534,0
gracias,NO_RECONOCIDO,0.7896676063537598,0
gracias,NO_RECONOCIDO,0.8666440844535828,0
gracias,Numero_6,0.9983760118484497,0
gracias,Numero_6,0.9984132051467896,0
gracias,Numero_6,0.989790141582489,0
gracias,Numero_6,0.983214259147644,0
gracias,NO_RECONOCIDO,0.9637802243232727,0
gracias,Numero_7,0.9482440948486328,0
gracias,NO_RECONOCIDO,0.998772919178009,0
gracias,Numero_6,0.9988215565681458,0
gracias,Numero_6,0.998944103717804,0
gracias,Numero_6,0.9989340901374817,0
gracias,Numero_6,0.9991243481636047,0
gracias,Numero_6,0.9991117119789124,0
gracias,Numero_6,0.9988085031509399,0
gracias,Numero_6,0.9987773299217224,0
gracias,NO_RECONOCIDO,0.9162226319313049,0
gracias,Numero_7,0.9441601634025574,0
gracias,NO_RECONOCIDO,0.9155547022819519,0
gracias,Numero_8,0.9779069423675537,0
gracias,Numero_8,0.9898821711540222,0
gracias,Numero_8,0.9160212278366089,0
gracias,Numero_8,0.8914782404899597,0
gracias,NO_RECONOCIDO,0.6347008943557739,0
gracias,NO_RECONOCIDO,0.7759007811546326,0
gracias,NO_RECONOCIDO,0.9985392093658447,0
gracias,Numero_10,0.9985218644142151,0
gracias,NO_RECONOCIDO,0.5615206956863403,0
gracias,NO_RECONOCIDO,0.44981828331947327,0
gracias,NO_RECONOCIDO,0.4170260429382324,0
gracias,NO_RECONOCIDO,0.9991090893745422,0
gracias,Gracias,0.9992275238037109,1
gracias,Gracias,0.9993069171905518,1
gracias,NO_RECONOCIDO,0.9870549440383911,0
gracias,Bien,0.9935986995697021,0
gracias,Bien,0.9965283274650574,0
gracias,NO_RECONOCIDO,0.528913140296936,0
gracias,NO_RECONOCIDO,0.4781216084957123,0
gracias,NO_RECONOCIDO,0.992520809173584,0
gracias,NO_RECONOCIDO,0.8565345406532288,0
gracias,NO_RECONOCIDO,0.48077574372291565,0
gracias,NO_RECONOCIDO,0.9901915788650513,0
gracias,NO_RECONOCIDO,0.955898106098175,0
gracias,Numero_5,0.977141261100769,0
gracias,Numero_5,0.985755980014801,0
gracias,Numero_5,0.9892645478248596,0
gracias,Numero_5,0.8578619360923767,0
gracias,NO_RECONOCIDO,0.4363260865211487,0
gracias,NO_RECONOCIDO,0.5783085823059082,0
gracias,NO_RECONOCIDO,0.7151969075202942,0
gracias,NO_RECONOCIDO,0.798852264881134,0
gracias,NO_RECONOCIDO,0.8550412654876709,0
gracias,NO_RECONOCIDO,0.9894084930419922,0
gracias,NO_RECONOCIDO,0.9693419933319092,0
gracias,Numero_5,0.9536455869674683,0
gracias,Numero_5,0.9633338451385498,0
gracias,Numero_5,0.9753866195678711,0
gracias,Numero_5,0.8551398515701294,0
gracias,NO_RECONOCIDO,0.6976723074913025,0
gracias,NO_RECONOCIDO,0.4150572419166565,0
gracias,NO_RECONOCIDO,0.6364546418190002,0
gracias,NO_RECONOCIDO,0.8605588674545288,0
gracias,Numero_6,0.976111888885498,0
gracias,Numero_6,0.9769657254219055,0
gracias,Numero_6,0.9770631790161133,0
gracias,Numero_6,0.9763904809951782,0
gracias,Numero_6,0.9752671122550964,0
gracias,Numero_6,0.9267764687538147,0
gracias,Numero_6,0.9302077889442444,0
gracias,Numero_6,0.9323523640632629,0
gracias,Numero_6,0.9470744729042053,0
gracias,NO_RECONOCIDO,0.9998012185096741,0
gracias,Bien,0.9998063445091248,0
gracias,Bien,0.9998082518577576,0
gracias,Bien,0.9998083710670471,0
gracias,Bien,0.9998082518577576,0
gracias,NO_RECONOCIDO,0.979259729385376,0
gracias,Gracias,0.9911478757858276,1
gracias,Gracias,0.9958696961402893,1
gracias,Gracias,0.9978141784667969,1
gracias,Gracias,0.9985471367835999,1
gracias,Gracias,0.9988930821418762,1
gracias,Gracias,0.9964057207107544,1
gracias,Gracias,0.9441024661064148,1
gracias,NO_RECONOCIDO,0.6206840872764587,0
gracias,NO_RECONOCIDO,0.8759223222732544,0
gracias,Aplausos,0.9636755585670471,0
gracias,Aplausos,0.9844568371772766,0
gracias,Aplausos,0.9921082854270935,0
gracias,Aplausos,0.9947978258132935,0
gracias,NO_RECONOCIDO,0.9611194133758545,0
gracias,NO_RECONOCIDO,0.9846922159194946,0
gracias,Numero_5,0.9853995442390442,0
gracias,NO_RECONOCIDO,0.4093007445335388,0
gracias,NO_RECONOCIDO,0.5920562148094177,0
gracias,NO_RECONOCIDO,0.707915186882019,0
gracias,NO_RECONOCIDO,0.796155571937561,0
gracias,NO_RECONOCIDO,0.8557343482971191,0
gracias,NO_RECONOCIDO,0.9986690282821655,0
gracias,Numero_10,0.9986459612846375,0
gracias,Numero_10,0.9986265897750854,0
gracias,Numero_10,0.993036687374115,0
gracias,Numero_10,0.994745135307312,0
gracias,Numero_10,0.9953386783599854,0
gracias,Numero_10,0.995329737663269,0
gracias,Numero_10,0.9949217438697815,0
gracias,Numero_10,0.9949217438697815,0
gracias,NO_RECONOCIDO,0.5335716605186462,0
gracias,NO_RECONOCIDO,0.6609450578689575,0
gracias,NO_RECONOCIDO,0.9972483515739441,0
gracias,Aplausos,0.9973452687263489,0
gracias,Aplausos,0.9973465204238892,0
gracias,NO_RECONOCIDO,0.7032240629196167,0
gracias,NO_RECONOCIDO,0.5786517262458801,0
gracias,NO_RECONOCIDO,0.9994383454322815,0
gracias,Gracias,0.9994852542877197,1
gracias,Gracias,0.9994980096817017,1
gracias,Gracias,0.9995006322860718,1
gracias,NO_RECONOCIDO,0.9959602952003479,0
gracias,Bien,0.99770587682724,0
gracias,Bien,0.9986791014671326,0
gracias,Bien,0.9992475509643555,0
gracias,Bien,0.9995560050010681,0
gracias,Bien,0.9996976852416992,0
gracias,NO_RECONOCIDO,0.9890700578689575,0
gracias,NO_RECONOCIDO,0.5178201198577881,0
gracias,NO_RECONOCIDO,0.6044346690177917,0
gracias,NO_RECONOCIDO,0.7118837833404541,0
gracias,NO_RECONOCIDO,0.9450024366378784,0
gracias,Numero_10,0.8698253035545349,0
gracias,NO_RECONOCIDO,0.9946109056472778,0
gracias,NO_RECONOCIDO,0.9987205862998962,0
gracias,Numero_6,0.9987702965736389,0
gracias,Numero_6,0.9985302686691284,0
gracias,Numero_6,0.9985302686691284,0
gracias,Numero_6,0.9985302686691284,0
gracias,Numero_6,0.9985302686691284,0
gracias,Numero_6,0.9985302686691284,0
gracias,NO_RECONOCIDO,0.949070155620575,0
gracias,Numero_2,0.9624955654144287,0
gracias,Numero_2,0.8808521628379822,0
gracias,Numero_2,0.8897889256477356,0
gracias,Numero_2,0.8940095901489258,0
gracias,Numero_2,0.8940809369087219,0
gracias,Numero_2,0.895667314529419,0
gracias,NO_RECONOCIDO,0.6418402194976807,0
gracias,NO_RECONOCIDO,0.7039155960083008,0
gracias,NO_RECONOCIDO,0.7511518597602844,0
gracias,NO_RECONOCIDO,0.5929023027420044,0
gracias,NO_RECONOCIDO,0.5934799313545227,0
gracias,NO_RECONOCIDO,0.5933874249458313,0
gracias,NO_RECONOCIDO,0.5920459032058716,0
gracias,NO_RECONOCIDO,0.5970954895019531,0
gracias,NO_RECONOCIDO,0.5976257920265198,0
gracias,NO_RECONOCIDO,0.5962832570075989,0
gracias,NO_RECONOCIDO,0.9962038397789001,0
gracias,NO_RECONOCIDO,0.9462890028953552,0
gracias,Aplausos,0.9597464203834534,0
gracias,Aplausos,0.969336748123169,0
gracias,Aplausos,0.9780771732330322,0
gracias,Aplausos,0.9842460751533508,0
gracias,Aplausos,0.984582781791687,0
gracias,NO_RECONOCIDO,0.9719039797782898,0
gracias,NO_RECONOCIDO,0.9634526968002319,0
gracias,Aplausos,0.9868836998939514,0
gracias,Aplausos,0.9940465688705444,0
gracias,Aplausos,0.9898626804351807,0
gracias,Aplausos,0.9892252087593079,0
gracias,Aplausos,0.9938249588012695,0
gracias,Aplausos,0.9898938536643982,0
gracias,Aplausos,0.9898938536643982,0
gracias,Aplausos,0.9898938536643982,0
gracias,Aplausos,0.9898938536643982,0
gracias,NO_RECONOCIDO,0.8666233420372009,0
gracias,Numero_3,0.906726062297821,0
gracias,Numero_3,0.826168954372406,0
gracias,Numero_3,0.8349071741104126,0
gracias,Numero_3,0.8311425447463989,0
gracias,Numero_3,0.8371290564537048,0
gracias,NO_RECONOCIDO,0.27417194843292236,0
gracias,NO_RECONOCIDO,0.9957004189491272,0
gracias,Numero_10,0.9926970601081848,0
gracias,Numero_10,0.9850773215293884,0
gracias,Numero_10,0.9660913348197937,0
gracias,Numero_10,0.9063359498977661,0
gracias,NO_RECONOCIDO,0.9969710111618042,0
gracias,Aplausos,0.9968796968460083,0
gracias,Aplausos,0.9964913725852966,0
gracias,Aplausos,0.9957660436630249,0
gracias,NO_RECONOCIDO,0.9414060115814209,0
gracias,Felicidades,0.9494360089302063,0
gracias,Felicidades,0.957358717918396,0
gracias,Felicidades,0.9657084345817566,0
gracias,NO_RECONOCIDO,0.9079586267471313,0
gracias,Bien,0.9496118426322937,0
gracias,Bien,0.9719598293304443,0
gracias,Bien,0.9840923547744751,0
gracias,NO_RECONOCIDO,0.9922318458557129,0
gracias,Numero_1,0.9955146908760071,0
gracias,Numero_1,0.996980607509613,0
gracias,Numero_1,0.9977449178695679,0
gracias,Numero_1,0.9125611782073975,0
gracias,Numero_1,0.8896581530570984,0
gracias,Numero_1,0.8618394136428833,0
gracias,Numero_1,0.8235812187194824,0
gracias,NO_RECONOCIDO,0.942124605178833,0
gracias,Numero_3,0.940159797668457,0
gracias,Numero_3,0.9372631311416626,0
gracias,Numero_3,0.9928404092788696,0
gracias,Numero_3,0.9955987930297852,0
gracias,Numero_3,0.997138500213623,0
gracias,NO_RECONOCIDO,0.9982557892799377,0
gracias,Numero_4,0.9985185265541077,0
gracias,Numero_4,0.9986280202865601,0
gracias,NO_RECONOCIDO,0.6851373314857483,0
gracias,NO_RECONOCIDO,0.6859797239303589,0
gracias,NO_RECONOCIDO,0.674723207950592,0
gracias,NO_RECONOCIDO,0.9833335280418396,0
gracias,Numero_5,0.9831904172897339,0
gracias,Numero_5,0.9828357100486755,0
gracias,NO_RECONOCIDO,0.9954496026039124,0
gracias,Numero_6,0.9969358444213867,0
gracias,Numero_6,0.997805655002594,0
gracias,Numero_6,0.9921503067016602,0
gracias,Numero_6,0.9897516965866089,0
gracias,Numero_6,0.9863272905349731,0
gracias,NO_RECONOCIDO,0.9952622652053833,0
gracias,Numero_7,0.9960176348686218,0
gracias,Numero_7,0.9967291355133057,0
gracias,NO_RECONOCIDO,0.717820405960083,0
gracias,NO_RECONOCIDO,0.49013587832450867,0
gracias,NO_RECONOCIDO,0.7226883769035339,0
gracias,NO_RECONOCIDO,0.9126973748207092,0
gracias,NO_RECONOCIDO,0.9980161190032959,0
gracias,NO_RECONOCIDO,0.9982219338417053,0
gracias,Letra_A,0.9982253909111023,0
gracias,Letra_A,0.9982292056083679,0
gracias,Letra_A,0.9982302784919739,0
gracias,Letra_A,0.9982274174690247,0
gracias,Letra_A,0.9982228875160217,0
gracias,Letra_A,0.9982156753540039,0
gracias,Letra_A,0.9982035160064697,0
gracias,Letra_A,0.9981861710548401,0
gracias,Letra_A,0.9981644749641418,0
gracias,Letra_A,0.9982724189758301,0
gracias,Letra_A,0.9982744455337524,0
gracias,Letra_A,0.9982726573944092,0
gracias,Letra_A,0.998268723487854,0
gracias,Letra_A,0.998258650302887,0
gracias,Letra_A,0.9982473850250244,0
gracias,Letra_A,0.9982329607009888,0
gracias,Letra_A,0.9982166886329651,0
gracias,Letra_A,0.9981991648674011,0
gracias,Letra_A,0.9981794357299805,0
gracias,Letra_A,0.9983886480331421,0
gracias,Letra_A,0.9983624815940857,0
gracias,Letra_A,0.9983710646629333,0
gracias,Letra_A,0.9983856678009033,0
gracias,Letra_A,0.998396098613739,0
gracias,Letra_A,0.998404324054718,0
gracias,Letra_A,0.9984092116355896,0
gracias,Letra_A,0.9984143972396851,0
gracias,Letra_A,0.9984184503555298,0
gracias,Letra_A,0.9984211921691895,0
gracias,Letra_A,0.9984266757965088,0
gracias,Letra_A,0.9984993934631348,0
gracias,Letra_A,0.9985030889511108,0
gracias,Letra_A,0.9985028505325317,0
gracias,Letra_A,0.9985017776489258,0
gracias,Letra_A,0.998504638671875,0
gracias,Letra_A,0.9985067248344421,0
gracias,Letra_A,0.9985039234161377,0
gracias,Letra_A,0.9984982013702393,0
gracias,Letra_A,0.9984945058822632,0
gracias,Letra_A,0.998489499092102,0
gracias,Letra_A,0.9985392093658447,0
gracias,Letra_A,0.9985408782958984,0
gracias,Letra_A,0.9985421895980835,0
gracias,Letra_A,0.9985430240631104,0
gracias,Letra_A,0.9985460042953491,0
gracias,Letra_A,0.9985474944114685,0
gracias,Letra_A,0.9985467791557312,0
gracias,Letra_A,0.9985425472259521,0
gracias,Letra_A,0.9985347986221313,0
gracias,Letra_A,0.998525083065033,0
gracias,Letra_A,0.9985069632530212,0
gracias,Letra_A,0.9984796643257141,0
gracias,Letra_A,0.9985613226890564,0
gracias,Letra_A,0.9985650181770325,0
gracias,Letra_A,0.9985882639884949,0
gracias,Letra_A,0.99864262342453,0
gracias,Letra_A,0.9986647367477417,0
gracias,Letra_A,0.998621940612793,0
gracias,Letra_A,0.9985508322715759,0
gracias,Letra_A,0.9984810948371887,0
gracias,Letra_A,0.9984210729598999,0
gracias,Letra_A,0.9984138011932373,0
gracias,Letra_A,0.9984052777290344,0
gracias,Letra_A,0.9983938336372375,0
gracias,Letra_A,0.9983842372894287,0
gracias,Letra_A,0.9983735084533691,0
gracias,Letra_A,0.9983622431755066,0
gracias,Letra_A,0.9983502626419067,0
gracias,Letra_A,0.9983377456665039,0
gracias,Letra_A,0.9983251690864563,0
gracias,Letra_A,0.9984381794929504,0
gracias,Letra_A,0.9984288811683655,0
gracias,Letra_A,0.9983841180801392,0
gracias,Letra_A,0.9981325268745422,0
gracias,Letra_A,0.9973861575126648,0
gracias,Letra_A,0.995693027973175,0
gracias,Letra_A,0.9931094646453857,0
gracias,Letra_A,0.9897257685661316,0
gracias,Letra_A,0.9850768446922302,0
gracias,Letra_A,0.9789816737174988,0
gracias,Letra_A,0.9705945253372192,0
gracias,NO_RECONOCIDO,0.9381054043769836,0
gracias,Numero_6,0.9502974152565002,0
gracias,Numero_6,0.9593110084533691,0
gracias,Numero_6,0.9663151502609253,0
gracias,Numero_6,0.9716413021087646,0
gracias,Numero_6,0.9762247204780579,0
gracias,Numero_6,0.9810848236083984,0
gracias,Numero_6,0.984710156917572,0
gracias,Numero_6,0.9866889119148254,0
gracias,Numero_6,0.9879127144813538,0
gracias,Numero_6,0.9887276887893677,0
gracias,Numero_6,0.935684084892273,0
gracias,Numero_6,0.947182297706604,0
gracias,Numero_6,0.9548648595809937,0
gracias,Numero_6,0.9595064520835876,0
gracias,Numero_6,0.9508630633354187,0
gracias,Numero_6,0.9073252081871033,0
gracias,Numero_6,0.8189244866371155,0
gracias,NO_RECONOCIDO,0.7102620601654053,0
gracias,NO_RECONOCIDO,0.6055656671524048,0
gracias,NO_RECONOCIDO,0.5123560428619385,0
gracias,NO_RECONOCIDO,0.9983878135681152,0
gracias,Letra_A,0.9983850717544556,0
gracias,Letra_A,0.9983828067779541,0
gracias,Letra_A,0.998383641242981,0
gracias,Letra_A,0.9983851909637451,0
gracias,Letra_A,0.9983803033828735,0
gracias,Letra_A,0.998370349407196,0
gracias,Letra_A,0.998354434967041,0
gracias,Letra_A,0.998336911201477,0
gracias,Letra_A,0.9983298182487488,0
gracias,Letra_A,0.9983421564102173,0
gracias,Letra_A,0.9983526468276978,0
gracias,Letra_A,0.9983686804771423,0
gracias,Letra_A,0.9984176158905029,0
gracias,Letra_A,0.998469889163971,0
gracias,Letra_A,0.9985015392303467,0
gracias,Letra_A,0.9985182881355286,0
gracias,Letra_A,0.9985237717628479,0
gracias,Letra_A,0.998522937297821,0
gracias,Letra_A,0.9986063838005066,0
gracias,Letra_A,0.9986030459403992,0
gracias,Letra_A,0.9985981583595276,0
gracias,Letra_A,0.9985912442207336,0
gracias,Letra_A,0.9985837936401367,0
gracias,Letra_A,0.9985764026641846,0
gracias,Letra_A,0.9985677003860474,0
gracias,Letra_A,0.9985594153404236,0
gracias,Letra_A,0.9985520243644714,0
gracias,Letra_A,0.9985445737838745,0
gracias,Letra_A,0.9986162185668945,0
gracias,Letra_A,0.9986108541488647,0
gracias,Letra_A,0.9986050724983215,0
gracias,Letra_A,0.9985987544059753,0
gracias,Letra_A,0.9985911250114441,0
gracias,Letra_A,0.9985840320587158,0
gracias,Letra_A,0.9985759258270264,0
gracias,Letra_A,0.9985684156417847,0
gracias,Letra_A,0.9985598921775818,0
gracias,Letra_A,0.998551070690155,0
gracias,Letra_A,0.9984422326087952,0
gracias,Letra_A,0.9980511665344238,0
gracias,Letra_A,0.9963749051094055,0
gracias,Letra_A,0.9897928237915039,0
gracias,Letra_A,0.9740257859230042,0
gracias,Letra_A,0.9533556699752808,0
gracias,Letra_A,0.9296334385871887,0
gracias,Letra_A,0.8984346389770508,0
gracias,Letra_A,0.8481477499008179,0
gracias,NO_RECONOCIDO,0.7677269577980042,0
gracias,NO_RECONOCIDO,0.9959779381752014,0
gracias,Letra_B,0.9962521195411682,0
gracias,Letra_B,0.9964129328727722,0
gracias,Letra_B,0.9965059757232666,0
gracias,Letra_B,0.9965837001800537,0
gracias,Letra_B,0.996660590171814,0
gracias,Letra_B,0.9967188239097595,0
gracias,Letra_B,0.9967576861381531,0
gracias,Letra_B,0.9967999458312988,0
gracias,Letra_B,0.9968881011009216,0
gracias,Letra_B,0.9969987869262695,0
gracias,Letra_B,0.9948378205299377,0
gracias,Letra_B,0.9952723383903503,0
gracias,Letra_B,0.9955946803092957,0
gracias,Letra_B,0.9958550333976746,0
gracias,Letra_B,0.9960552453994751,0
gracias,Letra_B,0.9961308240890503,0
gracias,Letra_B,0.9962452054023743,0
gracias,Letra_B,0.9965903759002686,0
gracias,Letra_B,0.9969375133514404,0
gracias,Letra_B,0.9971352815628052,0
gracias,Letra_B,0.9971779584884644,0
gracias,NO_RECONOCIDO,0.8959904313087463,0
gracias,Numero_4,0.9052397608757019,0
gracias,Numero_4,0.9207738637924194,0
gracias,Numero_4,0.9346022009849548,0
gracias,Numero_4,0.937050461769104,0
gracias,Numero_4,0.9339666366577148,0
gracias,Numero_4,0.9281408190727234,0
gracias,Numero_4,0.9219204783439636,0
gracias,Numero_4,0.9153560996055603,0
gracias,Numero_4,0.906107485294342,0
gracias,NO_RECONOCIDO,0.5746477842330933,0
gracias,NO_RECONOCIDO,0.6090447306632996,0
gracias,NO_RECONOCIDO,0.6539321541786194,0
gracias,NO_RECONOCIDO,0.6612143516540527,0
gracias,NO_RECONOCIDO,0.6547142863273621,0
gracias,NO_RECONOCIDO,0.636269748210907,0
gracias,NO_RECONOCIDO,0.5972908139228821,0
gracias,NO_RECONOCIDO,0.5613538026809692,0
gracias,NO_RECONOCIDO,0.5472001433372498,0
gracias,NO_RECONOCIDO,0.5821390748023987,0
gracias,NO_RECONOCIDO,0.6778512597084045,0
gracias,NO_RECONOCIDO,0.6943051218986511,0
gracias,NO_RECONOCIDO,0.6943051218986511,0
gracias,NO_RECONOCIDO,0.6943051218986511,0
gracias,NO_RECONOCIDO,0.6943051218986511,0
gracias,NO_RECONOCIDO,0.6943051218986511,0
gracias,NO_RECONOCIDO,0.6943051218986511,0
